Prueba;1
Cantidad;50
size;threadId;startTime;endTime;result
110000;10;1415021356191;1415021415222;10453
110000;10;1415021415222;1415021474533;10453
110000;10;1415021474533;1415021533938;10453
110000;10;1415021533953;1415021587649;10453
110000;10;1415021587649;1415021638864;10453
110000;10;1415021638864;1415021693448;10453
110000;10;1415021693448;1415021753727;10453
110000;10;1415021753727;1415021810089;10453
110000;10;1415021810089;1415021861523;10453
110000;10;1415021861523;1415021912987;10453
110000;10;1415021912987;1415021972299;10453
110000;10;1415021972299;1415022031501;10453
110000;10;1415022031501;1415022082840;10453
110000;10;1415022082840;1415022134133;10453
110000;10;1415022134133;1415022190668;10453
110000;10;1415022190668;1415022250307;10453
110000;10;1415022250307;1415022304392;10453
110000;10;1415022304392;1415022355732;10453
110000;10;1415022355732;1415022409630;10453
110000;10;1415022409630;1415022468707;10453
110000;10;1415022468707;1415022526255;10453
110000;10;1415022526255;1415022577548;10453
110000;10;1415022577548;1415022628872;10453
110000;10;1415022628872;1415022687404;10453
110000;10;1415022687404;1415022746387;10453
110000;10;1415022746387;1415022798523;10453
110000;10;1415022798523;1415022849831;10453
110000;10;1415022849831;1415022905867;10453
110000;10;1415022905867;1415022965271;10453
110000;10;1415022965271;1415023020293;10453
110000;10;1415023020293;1415023071742;10453
110000;10;1415023071742;1415023124751;10453
110000;10;1415023124751;1415023184015;10453
110000;10;1415023184015;1415023241642;10453
110000;10;1415023241642;1415023292997;10453
110000;10;1415023292997;1415023344305;10453
110000;10;1415023344305;1415023402244;10453
110000;10;1415023402244;1415023459465;10453
110000;10;1415023459465;1415023517107;10453
110000;10;1415023517107;1415023576059;10453
110000;10;1415023576059;1415023629692;10453
110000;10;1415023629692;1415023681188;10453
110000;10;1415023681188;1415023735975;10453
110000;10;1415023735975;1415023796238;10453
110000;10;1415023796238;1415023852523;10453
110000;10;1415023852523;1415023903972;10453
110000;10;1415023903972;1415023955873;10453
110000;10;1415023955873;1415024015575;10453
110000;10;1415024015575;1415024074995;10453
110000;10;1415024074995;1415024126303;10453

Prueba;2
Cantidad;100
size;threadId;startTime;endTime;result
110000;11;1415024426323;1415024500751;10453
110000;12;1415024426323;1415024500361;10453
110000;12;1415024500361;1415024569485;10453
110000;11;1415024500751;1415024570109;10453
110000;12;1415024569485;1415024628297;10453
110000;11;1415024570109;1415024628843;10453
110000;12;1415024628297;1415024687109;10453
110000;11;1415024628843;1415024687670;10453
110000;12;1415024687109;1415024745983;10453
110000;11;1415024687670;1415024746592;10453
110000;12;1415024745983;1415024804156;10453
110000;11;1415024746592;1415024804733;10453
110000;12;1415024804156;1415024862360;10453
110000;11;1415024804733;1415024862968;10453
110000;12;1415024862360;1415024921437;10453
110000;11;1415024862968;1415024921936;10453
110000;12;1415024921437;1415024979984;10453
110000;11;1415024921936;1415024980514;10453
110000;12;1415024979984;1415025038811;10453
110000;11;1415024980514;1415025039311;10453
110000;12;1415025038811;1415025096500;10453
110000;11;1415025039311;1415025096937;10453
110000;12;1415025096500;1415025154860;10453
110000;11;1415025096937;1415025155375;10453
110000;12;1415025154860;1415025212908;10453
110000;11;1415025155375;1415025213469;10453
110000;12;1415025212908;1415025271361;10453
110000;11;1415025213469;1415025271907;10453
110000;12;1415025271361;1415025329300;10453
110000;11;1415025271907;1415025329877;10453
110000;12;1415025329300;1415025387488;10453
110000;11;1415025329877;1415025388081;10453
110000;12;1415025387488;1415025446081;10453
110000;11;1415025388081;1415025446690;10453
110000;12;1415025446081;1415025504441;10453
110000;11;1415025446690;1415025505018;10453
110000;12;1415025504441;1415025562723;10453
110000;11;1415025505018;1415025563316;10453
110000;12;1415025562723;1415025621379;10453
110000;11;1415025563316;1415025621894;10453
110000;12;1415025621379;1415025679988;10453
110000;11;1415025621894;1415025680534;10453
110000;12;1415025679988;1415025738270;10453
110000;11;1415025680534;1415025738816;10453
110000;12;1415025738270;1415025796770;10453
110000;11;1415025738816;1415025797332;10453
110000;12;1415025796770;1415025855317;10453
110000;11;1415025797332;1415025855894;10453
110000;12;1415025855317;1415025913770;10453
110000;11;1415025855894;1415025914316;10453
110000;12;1415025913770;1415025971568;10453
110000;11;1415025914316;1415025972286;10453
110000;12;1415025971568;1415026030739;10453
110000;11;1415025972286;1415026031363;10453
110000;12;1415026030739;1415026089520;10453
110000;11;1415026031363;1415026090238;10453
110000;12;1415026089520;1415026147677;10453
110000;11;1415026090238;1415026148379;10453
110000;12;1415026147677;1415026205709;10453
110000;11;1415026148379;1415026206364;10453
110000;12;1415026205709;1415026264225;10453
110000;11;1415026206364;1415026264927;10453
110000;12;1415026264225;1415026322865;10453
110000;11;1415026264927;1415026323536;10453
110000;12;1415026322865;1415026381319;10453
110000;11;1415026323536;1415026382130;10453
110000;12;1415026381319;1415026439522;10453
110000;11;1415026382130;1415026440256;10453
110000;12;1415026439522;1415026497664;10453
110000;11;1415026440256;1415026498350;10453
110000;12;1415026497664;1415026555602;10453
110000;11;1415026498350;1415026556304;10453
110000;12;1415026555602;1415026613634;10453
110000;11;1415026556304;1415026614367;10453
110000;12;1415026613634;1415026672056;10453
110000;11;1415026614367;1415026672774;10453
110000;12;1415026672056;1415026730400;10453
110000;11;1415026672774;1415026731071;10453
110000;12;1415026730400;1415026788776;10453
110000;11;1415026731071;1415026789478;10453
110000;12;1415026788776;1415026847260;10453
110000;11;1415026789478;1415026847993;10453
110000;12;1415026847260;1415026905480;10453
110000;11;1415026847993;1415026906197;10453
110000;12;1415026905480;1415026963933;10453
110000;11;1415026906197;1415026964713;10453
110000;12;1415026963933;1415027022651;10453
110000;11;1415026964713;1415027023447;10453
110000;12;1415027022651;1415027080683;10453
110000;11;1415027023447;1415027081495;10453
110000;12;1415027080683;1415027139215;10453
110000;11;1415027081495;1415027139932;10453
110000;12;1415027139215;1415027197668;10453
110000;11;1415027139932;1415027198370;10453
110000;12;1415027197668;1415027256199;10453
110000;11;1415027198370;1415027256933;10453
110000;12;1415027256199;1415027315230;10453
110000;11;1415027256933;1415027315932;10453
110000;12;1415027315230;1415027373714;10453
110000;11;1415027315932;1415027374354;10453

Prueba;3
Cantidad;150
size;threadId;startTime;endTime;result
110000;13;1415027674358;1415027767069;10453
110000;14;1415027674358;1415027768333;10453
110000;15;1415027674405;1415027764136;10453
110000;15;1415027764136;1415027846068;10453
110000;13;1415027767069;1415027846972;10453
110000;14;1415027768333;1415027849531;10453
110000;15;1415027846068;1415027920714;10453
110000;13;1415027846972;1415027922040;10453
110000;14;1415027849531;1415027924317;10453
110000;15;1415027920714;1415027995765;10453
110000;13;1415027922040;1415027995999;10453
110000;14;1415027924317;1415027999478;10453
110000;15;1415027995765;1415028070630;10453
110000;13;1415027995999;1415028071160;10453
110000;14;1415027999478;1415028073875;10453
110000;15;1415028070630;1415028144793;10453
110000;13;1415028071160;1415028145744;10453
110000;14;1415028073875;1415028149036;10453
110000;15;1415028144793;1415028219548;10453
110000;13;1415028145744;1415028220905;10453
110000;14;1415028149036;1415028223229;10453
110000;15;1415028219548;1415028294210;10453
110000;13;1415028220905;1415028295426;10453
110000;14;1415028223229;1415028298094;10453
110000;15;1415028294210;1415028367998;10453
110000;13;1415028295426;1415028370088;10453
110000;14;1415028298094;1415028373707;10453
110000;15;1415028367998;1415028442316;10453
110000;13;1415028370088;1415028445280;10453
110000;14;1415028373707;1415028447807;10453
110000;15;1415028442316;1415028517945;10453
110000;13;1415028445280;1415028519755;10453
110000;14;1415028447807;1415028522781;10453
110000;15;1415028517945;1415028592747;10453
110000;13;1415028519755;1415028595384;10453
110000;14;1415028522781;1415028596351;10453
110000;15;1415028592747;1415028666426;10453
110000;13;1415028595384;1415028670669;10453
110000;14;1415028596351;1415028671574;10453
110000;15;1415028666426;1415028740745;10453
110000;13;1415028670669;1415028745362;10453
110000;14;1415028671574;1415028746517;10453
110000;15;1415028740745;1415028816811;10453
110000;13;1415028745362;1415028819041;10453
110000;14;1415028746517;1415028820695;10453
110000;15;1415028816811;1415028891706;10453
110000;13;1415028819041;1415028893547;10453
110000;14;1415028820695;1415028895232;10453
110000;15;1415028891706;1415028965962;10453
110000;13;1415028893547;1415028968739;10453
110000;14;1415028895232;1415028969909;10453
110000;15;1415028965962;1415029039704;10453
110000;13;1415028968739;1415029043791;10453
110000;14;1415028969909;1415029045242;10453
110000;15;1415029039704;1415029113710;10453
110000;13;1415029043791;1415029118406;10453
110000;14;1415029045242;1415029121245;10453
110000;15;1415029113710;1415029188731;10453
110000;13;1415029118406;1415029192646;10453
110000;14;1415029121245;1415029195626;10453
110000;15;1415029188731;1415029264141;10453
110000;13;1415029192646;1415029267199;10453
110000;14;1415029195626;1415029270038;10453
110000;15;1415029264141;1415029338787;10453
110000;13;1415029267199;1415029342375;10453
110000;14;1415029270038;1415029344279;10453
110000;15;1415029338787;1415029414198;10453
110000;13;1415029342375;1415029415805;10453
110000;14;1415029344279;1415029419003;10453
110000;15;1415029414198;1415029490045;10453
110000;13;1415029415805;1415029491247;10453
110000;14;1415029419003;1415029492198;10453
110000;15;1415029490045;1415029565191;10453
110000;13;1415029491247;1415029566329;10453
110000;14;1415029492198;1415029565986;10453
110000;15;1415029565191;1415029639447;10453
110000;14;1415029565986;1415029640055;10453
110000;13;1415029566329;1415029642114;10453
110000;15;1415029639447;1415029713687;10453
110000;14;1415029640055;1415029715154;10453
110000;13;1415029642114;1415029717135;10453
110000;15;1415029713687;1415029788536;10453
110000;14;1415029715154;1415029790096;10453
110000;13;1415029717135;1415029791485;10453
110000;15;1415029788536;1415029863682;10453
110000;14;1415029790096;1415029865351;10453
110000;13;1415029791485;1415029865070;10453
110000;15;1415029863682;1415029939825;10453
110000;13;1415029865070;1415029938718;10453
110000;14;1415029865351;1415029939654;10453
110000;13;1415029938718;1415030013130;10453
110000;14;1415029939654;1415030013972;10453
110000;15;1415029939825;1415030015002;10453
110000;13;1415030013130;1415030086871;10453
110000;14;1415030013972;1415030089102;10453
110000;15;1415030015002;1415030090412;10453
110000;13;1415030086871;1415030161595;10453
110000;14;1415030089102;1415030164107;10453
110000;15;1415030090412;1415030164669;10453
110000;13;1415030161595;1415030236975;10453
110000;14;1415030164107;1415030238659;10453
110000;15;1415030164669;1415030238940;10453
110000;13;1415030236975;1415030311948;10453
110000;14;1415030238659;1415030313586;10453
110000;15;1415030238940;1415030313384;10453
110000;13;1415030311948;1415030387515;10453
110000;15;1415030313384;1415030387780;10453
110000;14;1415030313586;1415030387702;10453
110000;13;1415030387515;1415030462754;10453
110000;14;1415030387702;1415030461911;10453
110000;15;1415030387780;1415030462535;10453
110000;14;1415030461911;1415030536994;10453
110000;15;1415030462535;1415030536230;10453
110000;13;1415030462754;1415030538180;10453
110000;15;1415030536230;1415030609519;10453
110000;14;1415030536994;1415030612576;10453
110000;13;1415030538180;1415030613247;10453
110000;15;1415030609519;1415030683151;10453
110000;14;1415030612576;1415030688034;10453
110000;13;1415030613247;1415030687925;10453
110000;15;1415030683151;1415030758889;10453
110000;13;1415030687925;1415030762664;10453
110000;14;1415030688034;1415030761962;10453
110000;15;1415030758889;1415030832849;10453
110000;14;1415030761962;1415030837326;10453
110000;13;1415030762664;1415030837357;10453
110000;15;1415030832849;1415030907745;10453
110000;14;1415030837326;1415030913017;10453
110000;13;1415030837357;1415030911520;10453
110000;15;1415030907745;1415030981689;10453
110000;13;1415030911520;1415030986540;10453
110000;14;1415030913017;1415030987757;10453
110000;15;1415030981689;1415031057099;10453
110000;13;1415030986540;1415031060734;10453
110000;14;1415030987757;1415031062590;10453
110000;15;1415031057099;1415031132135;10453
110000;13;1415031060734;1415031135552;10453
110000;14;1415031062590;1415031136644;10453
110000;15;1415031132135;1415031207749;10453
110000;13;1415031135552;1415031209621;10453
110000;14;1415031136644;1415031211134;10453
110000;15;1415031207749;1415031282114;10453
110000;13;1415031209621;1415031284220;10453
110000;14;1415031211134;1415031286388;10453
110000;15;1415031282114;1415031357493;10453
110000;13;1415031284220;1415031358492;10453
110000;14;1415031286388;1415031360754;10453
110000;15;1415031357493;1415031432483;10453
110000;13;1415031358492;1415031433310;10453
110000;14;1415031360754;1415031434152;10453

Prueba;4
Cantidad;200
size;threadId;startTime;endTime;result
110000;16;1415031734172;1415031828240;10453
110000;17;1415031734172;1415031828536;10453
110000;18;1415031734187;1415031828755;10453
110000;19;1415031734218;1415031828084;10453
110000;19;1415031828099;1415031921934;10453
110000;16;1415031828240;1415031922386;10453
110000;17;1415031828536;1415031922573;10453
110000;18;1415031828755;1415031923431;10453
110000;19;1415031921934;1415032015971;10453
110000;16;1415031922386;1415032016314;10453
110000;17;1415031922573;1415032016548;10453
110000;18;1415031923431;1415032017889;10453
110000;19;1415032015971;1415032110304;10453
110000;16;1415032016314;1415032110429;10453
110000;17;1415032016548;1415032110491;10453
110000;18;1415032017889;1415032112114;10453
110000;19;1415032110304;1415032204372;10453
110000;16;1415032110429;1415032204715;10453
110000;17;1415032110491;1415032204481;10453
110000;18;1415032112114;1415032206572;10453
110000;19;1415032204372;1415032298690;10453
110000;17;1415032204481;1415032298425;10453
110000;16;1415032204715;1415032298721;10453
110000;18;1415032206572;1415032300733;10453
110000;17;1415032298425;1415032392368;10453
110000;19;1415032298690;1415032392836;10453
110000;16;1415032298721;1415032393242;10453
110000;18;1415032300733;1415032394505;10453
110000;17;1415032392368;1415032486265;10453
110000;19;1415032392836;1415032487123;10453
110000;16;1415032393242;1415032487544;10453
110000;18;1415032394505;1415032488324;10453
110000;17;1415032486265;1415032580676;10453
110000;19;1415032487123;1415032581206;10453
110000;16;1415032487544;1415032581550;10453
110000;18;1415032488324;1415032582205;10453
110000;17;1415032580676;1415032674994;10453
110000;19;1415032581206;1415032675353;10453
110000;16;1415032581550;1415032675618;10453
110000;18;1415032582205;1415032676117;10453
110000;17;1415032674994;1415032769561;10453
110000;19;1415032675353;1415032769374;10453
110000;16;1415032675618;1415032769608;10453
110000;18;1415032676117;1415032770341;10453
110000;19;1415032769374;1415032863598;10453
110000;17;1415032769561;1415032863785;10453
110000;16;1415032769608;1415032863614;10453
110000;18;1415032770341;1415032864253;10453
110000;19;1415032863598;1415032957869;10453
110000;16;1415032863614;1415032957557;10453
110000;17;1415032863785;1415032957744;10453
110000;18;1415032864253;1415032958602;10453
110000;16;1415032957557;1415033051485;10453
110000;17;1415032957744;1415033051656;10453
110000;19;1415032957869;1415033052171;10453
110000;18;1415032958602;1415033052936;10453
110000;16;1415033051485;1415033145444;10453
110000;17;1415033051656;1415033145491;10453
110000;19;1415033052171;1415033146988;10453
110000;18;1415033052936;1415033147097;10453
110000;16;1415033145444;1415033239434;10453
110000;17;1415033145491;1415033239372;10453
110000;19;1415033146988;1415033241556;10453
110000;18;1415033147097;1415033241166;10453
110000;17;1415033239372;1415033333315;10453
110000;16;1415033239434;1415033333346;10453
110000;18;1415033241166;1415033335546;10453
110000;19;1415033241556;1415033335639;10453
110000;17;1415033333315;1415033427227;10453
110000;16;1415033333346;1415033427321;10453
110000;18;1415033335561;1415033429707;10453
110000;19;1415033335639;1415033430004;10453
110000;17;1415033427227;1415033521202;10453
110000;16;1415033427321;1415033521529;10453
110000;18;1415033429707;1415033524072;10453
110000;19;1415033430004;1415033523822;10453
110000;17;1415033521202;1415033615207;10453
110000;16;1415033521529;1415033615738;10453
110000;19;1415033523822;1415033617625;10453
110000;18;1415033524072;1415033618390;10453
110000;17;1415033615207;1415033709447;10453
110000;16;1415033615738;1415033710024;10453
110000;19;1415033617625;1415033711382;10453
110000;18;1415033618390;1415033712474;10453
110000;17;1415033709447;1415033803765;10453
110000;16;1415033710024;1415033804638;10453
110000;19;1415033711382;1415033805216;10453
110000;18;1415033712474;1415033806339;10453
110000;17;1415033803765;1415033898285;10453
110000;16;1415033804638;1415033899315;10453
110000;19;1415033805216;1415033899050;10453
110000;18;1415033806339;1415033900204;10453
110000;17;1415033898285;1415033992744;10453
110000;19;1415033899050;1415033992775;10453
110000;16;1415033899315;1415033993695;10453
110000;18;1415033900204;1415033994007;10453
110000;17;1415033992744;1415034087030;10453
110000;19;1415033992775;1415034086515;10453
110000;16;1415033993695;1415034088231;10453
110000;18;1415033994007;1415034087763;10453
110000;19;1415034086515;1415034180225;10453
110000;17;1415034087030;1415034181520;10453
110000;18;1415034087763;1415034181644;10453
110000;16;1415034088231;1415034182627;10453
110000;19;1415034180225;1415034274012;10453
110000;17;1415034181520;1415034275915;10453
110000;18;1415034181644;1415034275494;10453
110000;16;1415034182627;1415034277132;10453
110000;19;1415034274012;1415034367706;10453
110000;18;1415034275494;1415034369328;10453
110000;17;1415034275915;1415034370545;10453
110000;16;1415034277132;1415034371481;10453
110000;19;1415034367706;1415034461696;10453
110000;18;1415034369328;1415034463396;10453
110000;17;1415034370545;1415034464754;10453
110000;16;1415034371481;1415034465705;10453
110000;19;1415034461696;1415034555983;10453
110000;18;1415034463396;1415034557589;10453
110000;17;1415034464754;1415034558713;10453
110000;16;1415034465705;1415034560148;10453
110000;19;1415034555983;1415034650035;10453
110000;18;1415034557589;1415034651782;10453
110000;17;1415034558713;1415034652672;10453
110000;16;1415034560148;1415034654544;10453
110000;19;1415034650035;1415034743823;10453
110000;18;1415034651782;1415034746069;10453
110000;17;1415034652672;1415034746677;10453
110000;16;1415034654544;1415034748861;10453
110000;19;1415034743823;1415034837657;10453
110000;18;1415034746069;1415034840075;10453
110000;17;1415034746677;1415034840668;10453
110000;16;1415034748861;1415034843366;10453
110000;19;1415034837657;1415034931444;10453
110000;18;1415034840075;1415034934455;10453
110000;17;1415034840668;1415034934658;10453
110000;16;1415034843366;1415034937575;10453
110000;19;1415034931444;1415035025247;10453
110000;18;1415034934455;1415035029490;10453
110000;17;1415034934658;1415035028679;10453
110000;16;1415034937575;1415035031924;10453
110000;19;1415035025247;1415035119097;10453
110000;17;1415035028679;1415035122700;10453
110000;18;1415035029490;1415035123824;10453
110000;16;1415035031924;1415035126148;10453
110000;19;1415035119097;1415035213430;10453
110000;17;1415035122700;1415035216691;10453
110000;18;1415035123824;1415035218017;10453
110000;16;1415035126148;1415035220154;10453
110000;19;1415035213430;1415035307608;10453
110000;17;1415035216691;1415035311071;10453
110000;18;1415035218017;1415035312350;10453
110000;16;1415035220154;1415035314113;10453
110000;19;1415035307608;1415035401754;10453
110000;17;1415035311071;1415035405061;10453
110000;18;1415035312350;1415035406730;10453
110000;16;1415035314113;1415035408072;10453
110000;19;1415035401754;1415035496009;10453
110000;17;1415035405061;1415035499004;10453
110000;18;1415035406730;1415035500954;10453
110000;16;1415035408072;1415035502467;10453
110000;19;1415035496009;1415035590171;10453
110000;17;1415035499004;1415035593010;10453
110000;18;1415035500954;1415035594695;10453
110000;16;1415035502467;1415035597347;10453
110000;19;1415035590171;1415035684520;10453
110000;17;1415035593010;1415035686938;10453
110000;18;1415035594695;1415035688498;10453
110000;16;1415035597347;1415035691711;10453
110000;19;1415035684520;1415035778245;10453
110000;17;1415035686938;1415035781271;10453
110000;18;1415035688498;1415035782285;10453
110000;16;1415035691711;1415035786185;10453
110000;19;1415035778245;1415035871970;10453
110000;17;1415035781271;1415035875698;10453
110000;18;1415035782285;1415035876073;10453
110000;16;1415035786185;1415035880690;10453
110000;19;1415035871970;1415035965695;10453
110000;17;1415035875698;1415035970063;10453
110000;18;1415035876073;1415035969907;10453
110000;16;1415035880690;1415035975102;10453
110000;19;1415035965695;1415036059404;10453
110000;18;1415035969907;1415036064178;10453
110000;17;1415035970063;1415036064505;10453
110000;16;1415035975102;1415036069060;10453
110000;19;1415036059404;1415036153082;10453
110000;18;1415036064178;1415036158293;10453
110000;17;1415036064505;1415036159073;10453
110000;16;1415036069060;1415036163066;10453
110000;19;1415036153082;1415036246792;10453
110000;18;1415036158293;1415036252720;10453
110000;17;1415036159073;1415036253375;10453
110000;16;1415036163066;1415036257010;10453
110000;19;1415036246792;1415036340501;10453
110000;18;1415036252720;1415036346913;10453
110000;17;1415036253375;1415036347942;10453
110000;16;1415036257010;1415036350984;10453
110000;19;1415036340501;1415036434632;10453
110000;18;1415036346913;1415036440029;10453
110000;17;1415036347942;1415036440653;10453
110000;16;1415036350984;1415036441932;10453

